value_date,post_date,details,ref_no,debit,credit,balance
01/01/2025,02/01/2025,NEFT CR/CLT433521400723/URBAN FOODS/BULK RECEIPT,CR146419257315,-,"253,532.30","564,472.30"
03/01/2025,03/01/2025,UPI DR/P2P473745550614/VIKAS/P2P TRANSFER,UPI198938379877,"10,964.91",-,"553,507.39"
06/01/2025,07/01/2025,NEFT DR/VEN440127657395/PACKAGING HUB/VENDOR PAYMENT,NEFT879520972960,"109,848.76",-,"443,658.63"
08/01/2025,08/01/2025,CASH DEP/CSH782605191236/BRANCH DEPOSIT,CASH424387279109,-,"2,519.24","446,177.87"
09/01/2025,11/01/2025,UPI CR/P2P433781904647/KARAN/P2P RECEIVE,UPI876724996605,-,"5,929.70","452,107.57"
10/01/2025,10/01/2025,UPI DR/UPI457015137038/AIRTEL/MOBILEAPP,UPI385153217259,496.14,-,"451,611.43"
11/01/2025,12/01/2025,UPI DR/UPI191901196749/AIRTEL/MERCHANT PAYMENT,DR471211410769,"1,922.80",-,"449,688.63"
11/01/2025,13/01/2025,RTGS CR/CLT615604704549/ORBIT RETAIL/INVOICE SETTLEMENT,RTGS993753194748,-,"132,868.08","582,556.71"
12/01/2025,12/01/2025,UPI CR/P2P224473300035/AMAN/P2P RECEIVE,UPI856994882475,-,"1,617.64","584,174.35"
13/01/2025,13/01/2025,NEFT CR/CLT433407832264/NEXA INFRA/BULK RECEIPT,CR970013020283,-,"245,345.24","829,519.59"
13/01/2025,14/01/2025,UPI DR/BIZ341418275029/PRINT HOUSE/SUPPLIER PAYMENT,DR336884429033,"26,879.46",-,"802,640.13"
13/01/2025,15/01/2025,NEFT CR/CLT282036317905/NEXA INFRA/BULK RECEIPT,CR754267914775,-,"78,083.60","880,723.73"
13/01/2025,15/01/2025,UPI DR/P2P801456014969/MEERA/P2P TRANSFER,UPI252573546981,"13,228.50",-,"867,495.23"
15/01/2025,16/01/2025,NEFT DR/TRF724128773233/SAVINGS TRANSFER,NEFT709968404401,"9,427.41",-,"858,067.82"
15/01/2025,17/01/2025,RTGS CR/CLT689196279140/NEXA INFRA/INVOICE SETTLEMENT,RTGS309656387979,-,"65,109.04","923,176.86"
17/01/2025,19/01/2025,NEFT CR/CLT179894021933/URBAN FOODS/BULK RECEIPT,CR861116952806,-,"203,981.62","1,127,158.48"
18/01/2025,20/01/2025,NEFT CR/CLT532627832170/SKYLOGIC LLP/BULK RECEIPT,CR979947126551,-,"104,720.09","1,231,878.57"
19/01/2025,19/01/2025,UPI CR/UPI967685845707/SNEHA/P2P RECEIVE,UPI483333961674,-,"5,331.06","1,237,209.63"
19/01/2025,20/01/2025,NEFT DR/VEN508543580232/RAWMAT SUPPLY/VENDOR PAYMENT,NEFT922578159168,"13,297.15",-,"1,223,912.48"
19/01/2025,21/01/2025,RTGS CR/CLT857879099594/ALPHA TRADERS/INVOICE SETTLEMENT,RTGS516141265568,-,"182,436.56","1,406,349.04"
21/01/2025,21/01/2025,UPI DR/BIZ158226836871/RAWMAT SUPPLY/SUPPLIER PAYMENT,DR129604277273,"17,242.43",-,"1,389,106.61"
21/01/2025,22/01/2025,NEFT DR/GST452175812630/GST PAYMENT/CBIC,TAX188635762508,"19,896.34",-,"1,369,210.27"
22/01/2025,23/01/2025,NEFT DR/VEN904558105720/CITY LOGISTICS/VENDOR PAYMENT,NEFT565708996118,"142,953.13",-,"1,226,257.14"
24/01/2025,24/01/2025,UPI DR/P2P805935687503/ROHAN/P2P TRANSFER,UPI523896686152,"2,403.64",-,"1,223,853.50"
24/01/2025,26/01/2025,RTGS CR/CLT475728411729/SKYLOGIC LLP/INVOICE SETTLEMENT,RTGS322574528846,-,"31,247.16","1,255,100.66"
25/01/2025,25/01/2025,CASH DEP/CSH299438365044/BRANCH DEPOSIT,CASH715435472539,-,"6,694.14","1,261,794.80"
25/01/2025,25/01/2025,NEFT CR/CLT425914121972/URBAN FOODS/BULK RECEIPT,CR827982749655,-,"38,995.67","1,300,790.47"
25/01/2025,25/01/2025,UPI DR/UPI203074465880/BOOKMYSHOW/MERCHANT PAYMENT,DR135379316420,"9,693.95",-,"1,291,096.52"
25/01/2025,25/01/2025,UPI DR/P2P946970344328/SNEHA/P2P TRANSFER,UPI398046823403,"8,653.56",-,"1,282,442.96"
25/01/2025,26/01/2025,UPI DR/UPI518506522273/OLA/MERCHANT PAYMENT,DR719439416593,"8,106.07",-,"1,274,336.89"
25/01/2025,27/01/2025,NEFT DR/VEN439410808177/WAREHOUSE RENT/VENDOR PAYMENT,NEFT870638234326,"46,156.52",-,"1,228,180.37"
26/01/2025,27/01/2025,NEFT CR/CLT363534443272/ORBIT RETAIL/BULK RECEIPT,CR213784957323,-,"125,999.46","1,354,179.83"
26/01/2025,27/01/2025,NEFT DR/VEN602873817434/WAREHOUSE RENT/VENDOR PAYMENT,NEFT570881248266,"13,310.37",-,"1,340,869.46"
26/01/2025,28/01/2025,UPI DR/P2P396480286857/RAHUL/P2P TRANSFER,UPI213741603577,"6,441.98",-,"1,334,427.48"
27/01/2025,27/01/2025,CHRG DR/FEE381283991720/BANK CHARGE,CHG874323910875,138.30,-,"1,334,289.18"
27/01/2025,27/01/2025,NEFT DR/VEN802721117691/PRINT HOUSE/VENDOR PAYMENT,NEFT174085348922,"171,573.79",-,"1,162,715.39"
27/01/2025,29/01/2025,CASH DEP/CSH361185419343/BRANCH DEPOSIT,CASH411247802797,-,"16,045.87","1,178,761.26"
28/01/2025,28/01/2025,NEFT CR/CLT435174471010/SKYLOGIC LLP/BULK RECEIPT,CR505175304345,-,"214,582.11","1,393,343.37"
28/01/2025,28/01/2025,NEFT DR/VEN722128002467/RAWMAT SUPPLY/VENDOR PAYMENT,NEFT392039388743,"78,371.38",-,"1,314,971.99"
28/01/2025,30/01/2025,CHRG DR/FEE625328106090/BANK CHARGE,CHG702003152571,359.17,-,"1,314,612.82"
28/01/2025,30/01/2025,UPI DR/UPI686875850419/UBER/MERCHANT PAYMENT,DR806693220249,"7,785.28",-,"1,306,827.54"
28/01/2025,30/01/2025,RTGS CR/CLT374277926307/URBAN FOODS/INVOICE SETTLEMENT,RTGS345498594109,-,"175,076.08","1,481,903.62"
29/01/2025,29/01/2025,UPI DR/BIZ130475717607/RAWMAT SUPPLY/SUPPLIER PAYMENT,DR752562793216,"54,602.82",-,"1,427,300.80"
30/01/2025,01/02/2025,CASH DEP/CSH777673811704/BRANCH DEPOSIT,CASH516281637428,-,"21,895.91","1,449,196.71"
30/01/2025,01/02/2025,UPI DR/UPI261090534114/SWIGGY/MERCHANT PAYMENT,DR998219024896,"9,895.11",-,"1,439,301.60"
30/01/2025,01/02/2025,UPI CR/P2P208814608289/SNEHA/P2P RECEIVE,UPI235498092498,-,"13,829.84","1,453,131.44"
30/01/2025,30/01/2025,RTGS CR/CLT460378681329/URBAN FOODS/INVOICE SETTLEMENT,RTGS516906517571,-,"32,991.79","1,486,123.23"
30/01/2025,30/01/2025,UPI CR/P2P588822861192/PRIYA/P2P RECEIVE,UPI860811115063,-,"23,152.94","1,509,276.17"
30/01/2025,31/01/2025,NEFT CR/CLT218558769494/ALPHA TRADERS/BULK RECEIPT,CR250942082835,-,"135,686.40","1,644,962.57"
05/02/2025,06/02/2025,NEFT DR/VEN924088269401/WAREHOUSE RENT/VENDOR PAYMENT,NEFT602523818411,"25,810.55",-,"1,619,152.02"
06/02/2025,06/02/2025,CASH DEP/CSH568538701726/BRANCH DEPOSIT,CASH217915583871,-,"34,469.11","1,653,621.13"
06/02/2025,07/02/2025,NEFT DR/VEN439562613896/PACKAGING HUB/VENDOR PAYMENT,NEFT305810119960,"99,960.85",-,"1,553,660.28"
06/02/2025,08/02/2025,UPI DR/UPI231013200269/UBER/MERCHANT PAYMENT,DR739658077166,"3,127.17",-,"1,550,533.11"
06/02/2025,08/02/2025,NEFT DR/VEN683303993173/PRINT HOUSE/VENDOR PAYMENT,NEFT753382821911,"39,449.35",-,"1,511,083.76"
06/02/2025,08/02/2025,RTGS CR/CLT280231848826/NEXA INFRA/INVOICE SETTLEMENT,RTGS768722064743,-,"107,378.22","1,618,461.98"
07/02/2025,09/02/2025,NEFT CR/CLT272430618145/NEXA INFRA/BULK RECEIPT,CR843450536829,-,"61,553.35","1,680,015.33"
09/02/2025,09/02/2025,UPI DR/UPI352231255052/MEDPLUS/MERCHANT PAYMENT,DR580245994761,"5,430.37",-,"1,674,584.96"
09/02/2025,09/02/2025,UPI DR/UPI943902455052/DMART/MERCHANT PAYMENT,DR993000376044,"1,674.42",-,"1,672,910.54"
09/02/2025,11/02/2025,UPI DR/BIZ825690830248/WAREHOUSE RENT/SUPPLIER PAYMENT,DR756913014024,"87,516.85",-,"1,585,393.69"
10/02/2025,11/02/2025,RTGS CR/CLT314051555756/SKYLOGIC LLP/INVOICE SETTLEMENT,RTGS718580842594,-,"207,288.18","1,792,681.87"
10/02/2025,12/02/2025,UPI DR/UPI486900775250/BOOKMYSHOW/MERCHANT PAYMENT,DR466077397737,"11,635.64",-,"1,781,046.23"
11/02/2025,12/02/2025,UPI DR/P2P151391623333/ANJALI/P2P TRANSFER,UPI123366917244,"14,059.14",-,"1,766,987.09"
12/02/2025,12/02/2025,NEFT CR/CLT489417120613/NEXA INFRA/BULK RECEIPT,CR146346289664,-,"255,970.08","2,022,957.17"
12/02/2025,13/02/2025,UPI DR/BIZ508245518213/CITY LOGISTICS/SUPPLIER PAYMENT,DR724474944394,"9,618.24",-,"2,013,338.93"
13/02/2025,14/02/2025,CASH DEP/CSH382473922522/BRANCH DEPOSIT,CASH228719946890,-,"4,597.37","2,017,936.30"
15/02/2025,17/02/2025,RTGS CR/CLT773754023459/ALPHA TRADERS/INVOICE SETTLEMENT,RTGS723121647310,-,"48,896.47","2,066,832.77"
16/02/2025,18/02/2025,NEFT DR/VEN737216286002/WAREHOUSE RENT/VENDOR PAYMENT,NEFT263613110782,"138,877.00",-,"1,927,955.77"
16/02/2025,18/02/2025,RTGS CR/CLT165939267378/NEXA INFRA/INVOICE SETTLEMENT,RTGS826525000220,-,"115,211.46","2,043,167.23"
17/02/2025,19/02/2025,CHRG DR/FEE259347878986/BANK CHARGE,CHG830745971689,140.06,-,"2,043,027.17"
19/02/2025,19/02/2025,NEFT DR/VEN590998205337/WAREHOUSE RENT/VENDOR PAYMENT,NEFT418011153045,"142,232.72",-,"1,900,794.45"
20/02/2025,20/02/2025,NEFT DR/GST576307516519/GST PAYMENT/CBIC,TAX177573569383,"45,423.37",-,"1,855,371.08"
20/02/2025,22/02/2025,UPI DR/UPI549246811203/SWIGGY/MERCHANT PAYMENT,DR779118807092,"1,354.22",-,"1,854,016.86"
21/02/2025,23/02/2025,NEFT DR/VEN104163971759/WAREHOUSE RENT/VENDOR PAYMENT,NEFT404197020418,"177,315.89",-,"1,676,700.97"
22/02/2025,24/02/2025,NEFT DR/VEN505019245492/CITY LOGISTICS/VENDOR PAYMENT,NEFT492797499682,"161,918.80",-,"1,514,782.17"
23/02/2025,24/02/2025,UPI DR/BIZ773353362822/PRINT HOUSE/SUPPLIER PAYMENT,DR358829510377,"65,554.86",-,"1,449,227.31"
24/02/2025,25/02/2025,NEFT CR/CLT762634181244/ORBIT RETAIL/BULK RECEIPT,CR971911886229,-,"189,622.79","1,638,850.10"
24/02/2025,26/02/2025,UPI DR/BIZ695229683259/PACKAGING HUB/SUPPLIER PAYMENT,DR153211802570,"2,292.19",-,"1,636,557.91"
25/02/2025,25/02/2025,UPI DR/P2P632725738135/ROHAN/P2P TRANSFER,UPI428626699889,"24,722.18",-,"1,611,835.73"
25/02/2025,26/02/2025,RTGS CR/CLT636230834380/ORBIT RETAIL/INVOICE SETTLEMENT,RTGS666957645526,-,"122,307.73","1,734,143.46"
25/02/2025,27/02/2025,RTGS CR/CLT922386559911/URBAN FOODS/INVOICE SETTLEMENT,RTGS583459082835,-,"74,554.57","1,808,698.03"
27/02/2025,27/02/2025,UPI DR/UPI208263826382/ZOMATO/MERCHANT PAYMENT,DR123228455791,"9,030.47",-,"1,799,667.56"
01/03/2025,01/03/2025,RTGS CR/CLT792742492863/URBAN FOODS/INVOICE SETTLEMENT,RTGS593287247232,-,"64,778.59","1,864,446.15"
01/03/2025,02/03/2025,NEFT DR/VEN840031615870/WAREHOUSE RENT/VENDOR PAYMENT,NEFT453009075776,"78,330.84",-,"1,786,115.31"
02/03/2025,03/03/2025,NEFT DR/VEN740576339054/RAWMAT SUPPLY/VENDOR PAYMENT,NEFT726123974861,"73,228.80",-,"1,712,886.51"
02/03/2025,04/03/2025,UPI DR/P2P508011150819/KARAN/P2P TRANSFER,UPI873169001447,"17,786.87",-,"1,695,099.64"
03/03/2025,03/03/2025,UPI DR/UPI783793357449/NETFLIX/MERCHANT PAYMENT,DR378854259489,"1,245.10",-,"1,693,854.54"
05/03/2025,07/03/2025,UPI DR/UPI557390607533/MEDPLUS/MERCHANT PAYMENT,DR291709146982,"2,603.05",-,"1,691,251.49"
06/03/2025,08/03/2025,UPI CR/P2P443522074404/AMAN/P2P RECEIVE,UPI385277607871,-,"24,067.01","1,715,318.50"
07/03/2025,07/03/2025,NEFT CR/CLT129287410932/ALPHA TRADERS/BULK RECEIPT,CR408534211767,-,"274,912.30","1,990,230.80"
07/03/2025,09/03/2025,NEFT CR/CLT837509657743/NEXA INFRA/BULK RECEIPT,CR754163752547,-,"39,283.68","2,029,514.48"
08/03/2025,10/03/2025,UPI CR/P2P629304847619/VIKAS/P2P RECEIVE,UPI120806446694,-,"33,521.74","2,063,036.22"
09/03/2025,11/03/2025,NEFT CR/CLT488698309260/ORBIT RETAIL/BULK RECEIPT,CR744487376282,-,"135,720.58","2,198,756.80"
10/03/2025,10/03/2025,NEFT DR/VEN241418672836/CITY LOGISTICS/VENDOR PAYMENT,NEFT867761297512,"9,005.08",-,"2,189,751.72"
10/03/2025,11/03/2025,NEFT CR/CLT866148380078/SKYLOGIC LLP/BULK RECEIPT,CR252246385121,-,"142,770.74","2,332,522.46"
10/03/2025,12/03/2025,UPI DR/UPI134229653737/SPOTIFY/MERCHANT PAYMENT,DR867169800440,"2,603.93",-,"2,329,918.53"
11/03/2025,12/03/2025,CHRG DR/FEE372492585634/BANK CHARGE,CHG339873017691,283.11,-,"2,329,635.42"
12/03/2025,12/03/2025,UPI DR/UPI799657248481/SPOTIFY/MERCHANT PAYMENT,DR955150463339,"6,648.51",-,"2,322,986.91"
13/03/2025,13/03/2025,UPI DR/UPI928408806961/UBER/MERCHANT PAYMENT,DR230989501515,"11,848.52",-,"2,311,138.39"
13/03/2025,15/03/2025,NEFT CR/CLT767528582809/ALPHA TRADERS/BULK RECEIPT,CR954709137696,-,"175,221.69","2,486,360.08"
13/03/2025,15/03/2025,UPI DR/UPI116317159152/APOLLO PHARMACY/MERCHANT PAYMENT,DR452676195389,504.12,-,"2,485,855.96"
14/03/2025,14/03/2025,NEFT CR/CLT511411745851/SKYLOGIC LLP/BULK RECEIPT,CR286520230397,-,"164,344.95","2,650,200.91"
14/03/2025,15/03/2025,CHRG DR/FEE911614496934/BANK CHARGE,CHG343482791181,108.51,-,"2,650,092.40"
14/03/2025,15/03/2025,NEFT DR/VEN368687436550/PACKAGING HUB/VENDOR PAYMENT,NEFT965906572895,"72,261.49",-,"2,577,830.91"
14/03/2025,16/03/2025,NEFT CR/CLT538267207422/NEXA INFRA/BULK RECEIPT,CR452493978863,-,"268,707.58","2,846,538.49"
14/03/2025,16/03/2025,UPI DR/P2P386299739425/RAHUL/P2P TRANSFER,UPI762320828092,"15,273.11",-,"2,831,265.38"
18/03/2025,18/03/2025,NEFT CR/CLT653447342863/ALPHA TRADERS/BULK RECEIPT,CR902541453564,-,"208,066.07","3,039,331.45"
19/03/2025,20/03/2025,NEFT CR/CLT513539018190/NEXA INFRA/BULK RECEIPT,CR211918212802,-,"99,649.01","3,138,980.46"
20/03/2025,20/03/2025,NEFT CR/CLT136200175767/ORBIT RETAIL/BULK RECEIPT,CR551239592680,-,"171,175.00","3,310,155.46"
20/03/2025,20/03/2025,UPI DR/UPI624087362163/SWIGGY/MERCHANT PAYMENT,DR471545352064,"5,371.77",-,"3,304,783.69"
20/03/2025,20/03/2025,NEFT DR/VEN584777564357/PACKAGING HUB/VENDOR PAYMENT,NEFT508540094270,"49,813.89",-,"3,254,969.80"
20/03/2025,20/03/2025,NEFT DR/VEN701294799487/WAREHOUSE RENT/VENDOR PAYMENT,NEFT711748729917,"173,404.20",-,"3,081,565.60"
20/03/2025,21/03/2025,UPI DR/BIZ560853382723/PRINT HOUSE/SUPPLIER PAYMENT,DR313666510624,"49,422.15",-,"3,032,143.45"
22/03/2025,22/03/2025,NEFT CR/CLT548429940119/SKYLOGIC LLP/BULK RECEIPT,CR438283563516,-,"201,079.34","3,233,222.79"
24/03/2025,24/03/2025,RTGS CR/CLT945372300555/ORBIT RETAIL/INVOICE SETTLEMENT,RTGS574196100841,-,"150,603.23","3,383,826.02"
24/03/2025,24/03/2025,NEFT DR/GST227379930155/GST PAYMENT/CBIC,TAX936483949880,"118,008.87",-,"3,265,817.15"
25/03/2025,25/03/2025,NEFT CR/CLT506658156645/ORBIT RETAIL/BULK RECEIPT,CR781626706946,-,"171,646.54","3,437,463.69"
25/03/2025,27/03/2025,UPI DR/P2P885018612812/MEERA/P2P TRANSFER,UPI564645786144,"14,829.93",-,"3,422,633.76"
26/03/2025,26/03/2025,UPI DR/BIZ452892310903/WAREHOUSE RENT/SUPPLIER PAYMENT,DR917286942794,"12,861.44",-,"3,409,772.32"
26/03/2025,27/03/2025,RTGS CR/CLT582912725960/SKYLOGIC LLP/INVOICE SETTLEMENT,RTGS304105636311,-,"52,729.60","3,462,501.92"
27/03/2025,29/03/2025,NEFT DR/VEN130462407597/PRINT HOUSE/VENDOR PAYMENT,NEFT863775239259,"163,308.90",-,"3,299,193.02"
28/03/2025,29/03/2025,RTGS CR/CLT872784149006/SKYLOGIC LLP/INVOICE SETTLEMENT,RTGS829416491730,-,"71,978.63","3,371,171.65"
28/03/2025,30/03/2025,RTGS CR/CLT318920315909/ALPHA TRADERS/INVOICE SETTLEMENT,RTGS752789546681,-,"228,002.86","3,599,174.51"
29/03/2025,29/03/2025,CASH DEP/CSH287208628351/BRANCH DEPOSIT,CASH758980164110,-,"22,074.03","3,621,248.54"
29/03/2025,30/03/2025,UPI DR/BIZ168765349501/WAREHOUSE RENT/SUPPLIER PAYMENT,DR239364237799,"75,150.57",-,"3,546,097.97"
30/03/2025,01/04/2025,NEFT DR/VEN121368415118/CITY LOGISTICS/VENDOR PAYMENT,NEFT895484691620,"144,107.95",-,"3,401,990.02"
30/03/2025,30/03/2025,NEFT DR/VEN468301467389/PACKAGING HUB/VENDOR PAYMENT,NEFT558568343715,"115,771.38",-,"3,286,218.64"
30/03/2025,30/03/2025,NEFT DR/VEN336961189979/RAWMAT SUPPLY/VENDOR PAYMENT,NEFT617856330662,"34,815.73",-,"3,251,402.91"
31/03/2025,01/04/2025,RTGS CR/CLT537357483234/ORBIT RETAIL/INVOICE SETTLEMENT,RTGS745759339542,-,"185,166.69","3,436,569.60"
31/03/2025,31/03/2025,RTGS CR/CLT161778381186/ALPHA TRADERS/INVOICE SETTLEMENT,RTGS682275968834,-,"75,973.95","3,512,543.55"
02/04/2025,03/04/2025,RTGS CR/CLT128602732707/ALPHA TRADERS/INVOICE SETTLEMENT,RTGS490893431213,-,"203,455.64","3,715,999.19"
03/04/2025,04/04/2025,NEFT CR/CLT357807744349/ORBIT RETAIL/BULK RECEIPT,CR816137526092,-,"207,887.98","3,923,887.17"
04/04/2025,04/04/2025,NEFT DR/VEN902453449633/RAWMAT SUPPLY/VENDOR PAYMENT,NEFT283633598545,"61,145.37",-,"3,862,741.80"
04/04/2025,06/04/2025,UPI DR/BIZ295872224711/CITY LOGISTICS/SUPPLIER PAYMENT,DR620992448903,"42,919.78",-,"3,819,822.02"
05/04/2025,06/04/2025,UPI DR/P2P713466265253/NEHA/P2P TRANSFER,UPI250338061033,"5,891.40",-,"3,813,930.62"
05/04/2025,07/04/2025,NEFT CR/CLT760569217562/ALPHA TRADERS/BULK RECEIPT,CR344107201468,-,"261,077.96","4,075,008.58"
06/04/2025,06/04/2025,UPI DR/UPI398665483708/AIRTEL/MERCHANT PAYMENT,DR155375695931,"10,075.86",-,"4,064,932.72"
06/04/2025,06/04/2025,NEFT DR/VEN491316993212/PACKAGING HUB/VENDOR PAYMENT,NEFT122980268045,"17,188.33",-,"4,047,744.39"
06/04/2025,08/04/2025,NEFT CR/CLT895070883871/ORBIT RETAIL/BULK RECEIPT,CR686063741820,-,"75,603.44","4,123,347.83"
07/04/2025,09/04/2025,UPI DR/UPI805805268667/SWIGGY/MERCHANT PAYMENT,DR993087658993,"5,155.74",-,"4,118,192.09"
10/04/2025,10/04/2025,UPI CR/P2P921987772512/ANJALI/P2P RECEIVE,UPI230253498899,-,"5,867.39","4,124,059.48"
13/04/2025,14/04/2025,UPI DR/P2P441108120070/VIKAS/P2P TRANSFER,UPI524364130849,"22,509.66",-,"4,101,549.82"
14/04/2025,15/04/2025,NEFT DR/VEN690793822229/WAREHOUSE RENT/VENDOR PAYMENT,NEFT166526709377,"8,425.60",-,"4,093,124.22"
15/04/2025,16/04/2025,CASH DEP/CSH850864681090/BRANCH DEPOSIT,CASH585612722193,-,"39,940.93","4,133,065.15"
15/04/2025,17/04/2025,UPI DR/UPI976004336009/NETFLIX/MERCHANT PAYMENT,DR514603844887,"7,253.29",-,"4,125,811.86"
16/04/2025,16/04/2025,CASH DEP/CSH334997508536/BRANCH DEPOSIT,CASH571975345876,-,"33,341.21","4,159,153.07"
16/04/2025,16/04/2025,UPI DR/UPI277839252499/DMART/MERCHANT PAYMENT,DR305251328708,"10,127.08",-,"4,149,025.99"
16/04/2025,17/04/2025,UPI DR/P2P367555565303/MEERA/P2P TRANSFER,UPI801061265939,"20,018.38",-,"4,129,007.61"
17/04/2025,18/04/2025,UPI DR/UPI875294303793/SWIGGY/MERCHANT PAYMENT,DR487060329899,"7,346.59",-,"4,121,661.02"
17/04/2025,19/04/2025,CASH DEP/CSH121314924094/BRANCH DEPOSIT,CASH322190217836,-,"19,185.01","4,140,846.03"
17/04/2025,19/04/2025,UPI DR/P2P560878668521/VIKAS/P2P TRANSFER,UPI964416488541,"10,919.92",-,"4,129,926.11"
19/04/2025,19/04/2025,RTGS CR/CLT598616060890/ALPHA TRADERS/INVOICE SETTLEMENT,RTGS818227553775,-,"32,090.76","4,162,016.87"
19/04/2025,20/04/2025,CASH DEP/CSH932657931475/BRANCH DEPOSIT,CASH186290119481,-,"11,240.51","4,173,257.38"
19/04/2025,20/04/2025,NEFT DR/VEN888153418336/WAREHOUSE RENT/VENDOR PAYMENT,NEFT344505874510,"145,629.40",-,"4,027,627.98"
20/04/2025,20/04/2025,NEFT CR/CLT368274718853/URBAN FOODS/BULK RECEIPT,CR673550984502,-,"141,941.59","4,169,569.57"
22/04/2025,22/04/2025,NEFT DR/VEN950161889380/CITY LOGISTICS/VENDOR PAYMENT,NEFT124546806418,"110,746.54",-,"4,058,823.03"
23/04/2025,23/04/2025,UPI DR/BIZ615533040279/PRINT HOUSE/SUPPLIER PAYMENT,DR649503702305,"74,706.31",-,"3,984,116.72"
23/04/2025,24/04/2025,NEFT DR/GST122772445057/GST PAYMENT/CBIC,TAX919659927022,"78,157.04",-,"3,905,959.68"
23/04/2025,25/04/2025,UPI DR/UPI526223051718/AMAZON/MERCHANT PAYMENT,DR841360159566,"11,170.33",-,"3,894,789.35"
24/04/2025,25/04/2025,NEFT DR/VEN515213363578/CITY LOGISTICS/VENDOR PAYMENT,NEFT526788599535,"47,003.36",-,"3,847,785.99"
24/04/2025,26/04/2025,CASH DEP/CSH825195323962/BRANCH DEPOSIT,CASH692961276372,-,"39,311.67","3,887,097.66"
25/04/2025,25/04/2025,NEFT CR/CLT462750997248/ORBIT RETAIL/BULK RECEIPT,CR787647227842,-,"257,693.65","4,144,791.31"
27/04/2025,27/04/2025,UPI DR/P2P472692405320/PRIYA/P2P TRANSFER,UPI732143107484,"4,703.83",-,"4,140,087.48"
27/04/2025,27/04/2025,UPI DR/P2P591226144498/ANJALI/P2P TRANSFER,UPI890622446356,"4,254.40",-,"4,135,833.08"
27/04/2025,28/04/2025,NEFT CR/CLT715715256171/URBAN FOODS/BULK RECEIPT,CR856059669751,-,"275,856.74","4,411,689.82"
27/04/2025,28/04/2025,RTGS CR/CLT956792875180/SKYLOGIC LLP/INVOICE SETTLEMENT,RTGS276700266795,-,"181,673.89","4,593,363.71"
27/04/2025,29/04/2025,NEFT CR/CLT253846626238/ALPHA TRADERS/BULK RECEIPT,CR169530852659,-,"168,016.66","4,761,380.37"
29/04/2025,01/05/2025,NEFT CR/CLT557864488612/ALPHA TRADERS/BULK RECEIPT,CR133185805560,-,"102,117.66","4,863,498.03"
29/04/2025,30/04/2025,NEFT CR/CLT806696861047/NEXA INFRA/BULK RECEIPT,CR413380116162,-,"27,623.82","4,891,121.85"
01/05/2025,03/05/2025,NEFT CR/CLT890955306181/SKYLOGIC LLP/BULK RECEIPT,CR699446324868,-,"134,842.79","5,025,964.64"
04/05/2025,04/05/2025,UPI DR/BIZ976749436899/PRINT HOUSE/SUPPLIER PAYMENT,DR843806558855,"62,641.57",-,"4,963,323.07"
04/05/2025,05/05/2025,CASH DEP/CSH770227829521/BRANCH DEPOSIT,CASH696749962632,-,"24,036.49","4,987,359.56"
05/05/2025,07/05/2025,NEFT DR/VEN388369012663/WAREHOUSE RENT/VENDOR PAYMENT,NEFT588787603593,"28,030.44",-,"4,959,329.12"
06/05/2025,06/05/2025,UPI DR/BIZ604997377058/WAREHOUSE RENT/SUPPLIER PAYMENT,DR100582275223,"56,910.58",-,"4,902,418.54"
06/05/2025,07/05/2025,RTGS CR/CLT459498908404/SKYLOGIC LLP/INVOICE SETTLEMENT,RTGS907308834119,-,"164,611.99","5,067,030.53"
06/05/2025,08/05/2025,NEFT DR/VEN571655826014/PRINT HOUSE/VENDOR PAYMENT,NEFT946942063333,"97,709.69",-,"4,969,320.84"
07/05/2025,07/05/2025,CASH DEP/CSH782779698394/BRANCH DEPOSIT,CASH694684418303,-,"32,661.78","5,001,982.62"
07/05/2025,08/05/2025,UPI DR/UPI397083551463/BIGBASKET/MERCHANT PAYMENT,DR934771986096,"5,151.45",-,"4,996,831.17"
08/05/2025,09/05/2025,NEFT DR/VEN949629286777/RAWMAT SUPPLY/VENDOR PAYMENT,NEFT245287706398,"95,710.14",-,"4,901,121.03"
09/05/2025,09/05/2025,NEFT CR/CLT712508927341/NEXA INFRA/BULK RECEIPT,CR474876899504,-,"46,951.03","4,948,072.06"
09/05/2025,09/05/2025,UPI DR/BIZ650036325769/CITY LOGISTICS/SUPPLIER PAYMENT,DR350672883246,"61,572.01",-,"4,886,500.05"
10/05/2025,10/05/2025,RTGS CR/CLT873228139780/ORBIT RETAIL/INVOICE SETTLEMENT,RTGS323960319778,-,"80,942.96","4,967,443.01"
10/05/2025,12/05/2025,NEFT CR/CLT441175573291/NEXA INFRA/BULK RECEIPT,CR469454396180,-,"31,057.60","4,998,500.61"
11/05/2025,11/05/2025,UPI DR/UPI796798919299/SWIGGY/MERCHANT PAYMENT,DR801065635345,"7,489.27",-,"4,991,011.34"
11/05/2025,12/05/2025,NEFT DR/VEN919128344922/PACKAGING HUB/VENDOR PAYMENT,NEFT732096040824,"65,721.22",-,"4,925,290.12"
12/05/2025,12/05/2025,NEFT CR/CLT774264610413/URBAN FOODS/BULK RECEIPT,CR667878988589,-,"170,749.14","5,096,039.26"
12/05/2025,12/05/2025,UPI CR/P2P301767683352/AMAN/P2P RECEIVE,UPI296435193735,-,"23,168.85","5,119,208.11"
12/05/2025,13/05/2025,NEFT DR/VEN676799769181/RAWMAT SUPPLY/VENDOR PAYMENT,NEFT901663003045,"177,914.56",-,"4,941,293.55"
12/05/2025,14/05/2025,NEFT CR/CLT387972248850/SKYLOGIC LLP/BULK RECEIPT,CR362612182212,-,"102,544.02","5,043,837.57"
14/05/2025,14/05/2025,UPI DR/UPI892238736856/UBER/MERCHANT PAYMENT,DR646457875593,"2,895.32",-,"5,040,942.25"
14/05/2025,15/05/2025,NEFT DR/VEN296294450729/RAWMAT SUPPLY/VENDOR PAYMENT,NEFT517603014569,"68,472.14",-,"4,972,470.11"
16/05/2025,16/05/2025,RTGS CR/CLT820891086092/ALPHA TRADERS/INVOICE SETTLEMENT,RTGS243633076700,-,"83,991.78","5,056,461.89"
16/05/2025,18/05/2025,UPI DR/UPI279335502959/APOLLO PHARMACY/MERCHANT PAYMENT,DR464322911984,"9,166.30",-,"5,047,295.59"
16/05/2025,18/05/2025,NEFT DR/VEN842934649764/PRINT HOUSE/VENDOR PAYMENT,NEFT904324227140,"24,423.08",-,"5,022,872.51"
17/05/2025,17/05/2025,NEFT DR/VEN536753523439/WAREHOUSE RENT/VENDOR PAYMENT,NEFT981637717417,"168,394.68",-,"4,854,477.83"
17/05/2025,17/05/2025,UPI CR/P2P656922912654/KARAN/P2P RECEIVE,UPI688827647341,-,"30,785.31","4,885,263.14"
17/05/2025,18/05/2025,NEFT CR/CLT533961281351/SKYLOGIC LLP/BULK RECEIPT,CR182067722690,-,"142,404.28","5,027,667.42"
18/05/2025,20/05/2025,NEFT CR/CLT119224899091/SKYLOGIC LLP/BULK RECEIPT,CR858711278548,-,"54,631.21","5,082,298.63"
19/05/2025,21/05/2025,NEFT DR/VEN710121115658/RAWMAT SUPPLY/VENDOR PAYMENT,NEFT807376423178,"162,725.81",-,"4,919,572.82"
20/05/2025,20/05/2025,NEFT CR/CLT919539099333/SKYLOGIC LLP/BULK RECEIPT,CR489731869903,-,"224,926.61","5,144,499.43"
20/05/2025,20/05/2025,UPI DR/BIZ981183828340/PRINT HOUSE/SUPPLIER PAYMENT,DR786653872030,"89,508.98",-,"5,054,990.45"
22/05/2025,24/05/2025,RTGS CR/CLT749331668368/NEXA INFRA/INVOICE SETTLEMENT,RTGS892233076523,-,"249,445.48","5,304,435.93"
22/05/2025,24/05/2025,UPI CR/P2P273834095745/VIKAS/P2P RECEIVE,UPI856216032293,-,"16,270.46","5,320,706.39"
23/05/2025,24/05/2025,NEFT CR/CLT950946058546/URBAN FOODS/BULK RECEIPT,CR725509993895,-,"192,213.78","5,512,920.17"
24/05/2025,25/05/2025,NEFT DR/VEN630056385949/RAWMAT SUPPLY/VENDOR PAYMENT,NEFT441676580507,"106,709.08",-,"5,406,211.09"
25/05/2025,25/05/2025,CASH DEP/CSH379973205983/BRANCH DEPOSIT,CASH182596604945,-,"24,535.52","5,430,746.61"
25/05/2025,25/05/2025,NEFT DR/GST642781115857/GST PAYMENT/CBIC,TAX312035096967,"88,677.72",-,"5,342,068.89"
26/05/2025,27/05/2025,NEFT CR/CLT328120015463/ALPHA TRADERS/BULK RECEIPT,CR138731712796,-,"135,171.48","5,477,240.37"
27/05/2025,28/05/2025,NEFT DR/VEN733154346244/CITY LOGISTICS/VENDOR PAYMENT,NEFT853869637969,"42,672.68",-,"5,434,567.69"
28/05/2025,28/05/2025,RTGS CR/CLT652127190983/NEXA INFRA/INVOICE SETTLEMENT,RTGS132462510362,-,"110,922.41","5,545,490.10"
30/05/2025,01/06/2025,NEFT DR/VEN190678089369/CITY LOGISTICS/VENDOR PAYMENT,NEFT632627061343,"140,798.58",-,"5,404,691.52"
30/05/2025,31/05/2025,NEFT DR/VEN899358831412/RAWMAT SUPPLY/VENDOR PAYMENT,NEFT947791253274,"164,844.06",-,"5,239,847.46"
31/05/2025,01/06/2025,UPI DR/UPI249297365216/SWIGGY/MERCHANT PAYMENT,DR254745776532,504.36,-,"5,239,343.10"
31/05/2025,01/06/2025,NEFT DR/VEN825458361037/CITY LOGISTICS/VENDOR PAYMENT,NEFT998716838533,"91,139.33",-,"5,148,203.77"
31/05/2025,02/06/2025,RTGS CR/CLT388054414233/NEXA INFRA/INVOICE SETTLEMENT,RTGS667422404759,-,"196,757.22","5,344,960.99"
31/05/2025,02/06/2025,UPI CR/P2P265140837674/ROHAN/P2P RECEIVE,UPI166095175638,-,"12,585.65","5,357,546.64"
31/05/2025,31/05/2025,NEFT DR/VEN641890818682/PRINT HOUSE/VENDOR PAYMENT,NEFT524931525164,"168,423.73",-,"5,189,122.91"
01/06/2025,01/06/2025,NEFT DR/VEN172828664206/WAREHOUSE RENT/VENDOR PAYMENT,NEFT687972297790,"65,569.28",-,"5,123,553.63"
02/06/2025,03/06/2025,RTGS CR/CLT660448419470/ALPHA TRADERS/INVOICE SETTLEMENT,RTGS795783514519,-,"141,293.89","5,264,847.52"
04/06/2025,04/06/2025,NEFT DR/VEN881188601804/RAWMAT SUPPLY/VENDOR PAYMENT,NEFT278237256644,"73,839.31",-,"5,191,008.21"
04/06/2025,04/06/2025,NEFT DR/VEN125496829635/RAWMAT SUPPLY/VENDOR PAYMENT,NEFT567822845596,"168,261.32",-,"5,022,746.89"
05/06/2025,05/06/2025,UPI DR/P2P476749685411/SNEHA/P2P TRANSFER,UPI552445464526,"4,549.37",-,"5,018,197.52"
06/06/2025,06/06/2025,RTGS CR/CLT868977434317/URBAN FOODS/INVOICE SETTLEMENT,RTGS830813729561,-,"62,677.28","5,080,874.80"
08/06/2025,09/06/2025,RTGS CR/CLT158965347284/ALPHA TRADERS/INVOICE SETTLEMENT,RTGS193544406163,-,"70,885.09","5,151,759.89"
08/06/2025,10/06/2025,UPI DR/BIZ255367728345/RAWMAT SUPPLY/SUPPLIER PAYMENT,DR550214142120,"73,600.30",-,"5,078,159.59"
08/06/2025,10/06/2025,RTGS CR/CLT701143012533/URBAN FOODS/INVOICE SETTLEMENT,RTGS241657042879,-,"153,534.76","5,231,694.35"
09/06/2025,09/06/2025,NEFT DR/VEN186179368072/CITY LOGISTICS/VENDOR PAYMENT,NEFT394772482250,"46,375.27",-,"5,185,319.08"
09/06/2025,10/06/2025,UPI CR/P2P515632586292/MEERA/P2P RECEIVE,UPI774392189501,-,"23,634.15","5,208,953.23"
11/06/2025,13/06/2025,NEFT CR/CLT119061092714/NEXA INFRA/BULK RECEIPT,CR316683645443,-,"50,098.68","5,259,051.91"
12/06/2025,12/06/2025,RTGS CR/CLT183658184107/NEXA INFRA/INVOICE SETTLEMENT,RTGS890938549684,-,"166,145.92","5,425,197.83"
12/06/2025,13/06/2025,NEFT CR/CLT870005152262/SKYLOGIC LLP/BULK RECEIPT,CR730757639616,-,"229,561.24","5,654,759.07"
12/06/2025,14/06/2025,CHRG DR/FEE909128902683/BANK CHARGE,CHG469419507115,10.26,-,"5,654,748.81"
14/06/2025,15/06/2025,NEFT DR/VEN774469439152/PACKAGING HUB/VENDOR PAYMENT,NEFT735400386194,"92,283.11",-,"5,562,465.70"
14/06/2025,15/06/2025,UPI DR/P2P925188891581/RAHUL/P2P TRANSFER,UPI513665092448,"7,080.35",-,"5,555,385.35"
14/06/2025,16/06/2025,NEFT DR/VEN940778617188/WAREHOUSE RENT/VENDOR PAYMENT,NEFT386703811986,"25,153.79",-,"5,530,231.56"
16/06/2025,17/06/2025,NEFT CR/CLT123325682161/SKYLOGIC LLP/BULK RECEIPT,CR155727378424,-,"234,770.68","5,765,002.24"
17/06/2025,17/06/2025,CHRG DR/FEE556008247331/BANK CHARGE,CHG744816560620,133.41,-,"5,764,868.83"
18/06/2025,19/06/2025,NEFT CR/CLT417607259724/ALPHA TRADERS/BULK RECEIPT,CR642076071346,-,"266,109.77","6,030,978.60"
19/06/2025,19/06/2025,CHRG DR/FEE201089840894/BANK CHARGE,CHG780232039181,151.36,-,"6,030,827.24"
19/06/2025,21/06/2025,NEFT DR/VEN662725222572/PACKAGING HUB/VENDOR PAYMENT,NEFT136786964878,"82,595.28",-,"5,948,231.96"
20/06/2025,21/06/2025,UPI DR/BIZ857659467059/RAWMAT SUPPLY/SUPPLIER PAYMENT,DR551068845887,"69,813.67",-,"5,878,418.29"
20/06/2025,22/06/2025,UPI DR/BIZ738637325708/PRINT HOUSE/SUPPLIER PAYMENT,DR337303704559,"37,150.00",-,"5,841,268.29"
22/06/2025,24/06/2025,CHRG DR/FEE673128501116/BANK CHARGE,CHG923916886151,435.62,-,"5,840,832.67"
23/06/2025,23/06/2025,NEFT DR/VEN826748086180/PACKAGING HUB/VENDOR PAYMENT,NEFT490667588003,"65,955.39",-,"5,774,877.28"
24/06/2025,24/06/2025,NEFT CR/CLT757565387540/URBAN FOODS/BULK RECEIPT,CR326332057442,-,"194,499.64","5,969,376.92"
24/06/2025,24/06/2025,NEFT DR/GST317558880221/GST PAYMENT/CBIC,TAX778690209561,"95,585.09",-,"5,873,791.83"
24/06/2025,26/06/2025,NEFT CR/CLT625210210490/NEXA INFRA/BULK RECEIPT,CR433870043792,-,"30,101.64","5,903,893.47"
25/06/2025,26/06/2025,NEFT CR/CLT520136678881/ALPHA TRADERS/BULK RECEIPT,CR259348593581,-,"240,846.44","6,144,739.91"
25/06/2025,27/06/2025,UPI CR/P2P464638048080/RAHUL/P2P RECEIVE,UPI865317767945,-,"34,862.11","6,179,602.02"
25/06/2025,27/06/2025,UPI DR/P2P954080522496/KARAN/P2P TRANSFER,UPI930534834745,"12,207.38",-,"6,167,394.64"
26/06/2025,26/06/2025,UPI DR/P2P210520083899/MEERA/P2P TRANSFER,UPI301663787780,"21,463.52",-,"6,145,931.12"
27/06/2025,28/06/2025,UPI DR/UPI531512694893/APOLLO PHARMACY/MERCHANT PAYMENT,DR690043527342,"11,917.95",-,"6,134,013.17"
27/06/2025,29/06/2025,RTGS CR/CLT928447473146/ALPHA TRADERS/INVOICE SETTLEMENT,RTGS733885515750,-,"136,616.23","6,270,629.40"
28/06/2025,29/06/2025,UPI DR/UPI641828566505/DMART/MERCHANT PAYMENT,DR250768494057,"5,097.79",-,"6,265,531.61"
29/06/2025,30/06/2025,UPI DR/P2P398676815705/VIKAS/P2P TRANSFER,UPI995073105556,"1,448.52",-,"6,264,083.09"
30/06/2025,01/07/2025,UPI DR/P2P791514752463/ROHAN/P2P TRANSFER,UPI927036854687,"23,026.13",-,"6,241,056.96"
30/06/2025,02/07/2025,UPI DR/P2P661702143026/SNEHA/P2P TRANSFER,UPI460747127980,"21,308.96",-,"6,219,748.00"
01/07/2025,01/07/2025,UPI DR/BIZ238074072147/CITY LOGISTICS/SUPPLIER PAYMENT,DR286660480190,"2,791.53",-,"6,216,956.47"
01/07/2025,01/07/2025,UPI DR/UPI530919349312/SPOTIFY/MERCHANT PAYMENT,DR320991191677,818.59,-,"6,216,137.88"
01/07/2025,01/07/2025,RTGS CR/CLT357773374279/SKYLOGIC LLP/INVOICE SETTLEMENT,RTGS878244057782,-,"206,200.17","6,422,338.05"
02/07/2025,03/07/2025,NEFT CR/CLT813007443747/NEXA INFRA/BULK RECEIPT,CR467732476894,-,"225,658.29","6,647,996.34"
02/07/2025,04/07/2025,UPI DR/UPI475405455574/DMART/MERCHANT PAYMENT,DR324612078276,"4,549.17",-,"6,643,447.17"
05/07/2025,05/07/2025,RTGS CR/CLT165835752415/URBAN FOODS/INVOICE SETTLEMENT,RTGS314318362392,-,"96,318.60","6,739,765.77"
05/07/2025,06/07/2025,UPI DR/UPI800858704928/FLIPKART/MERCHANT PAYMENT,DR768514085087,"6,659.54",-,"6,733,106.23"
06/07/2025,08/07/2025,NEFT DR/VEN379568047335/RAWMAT SUPPLY/VENDOR PAYMENT,NEFT815849509445,"8,713.81",-,"6,724,392.42"
09/07/2025,09/07/2025,UPI CR/P2P553708789701/PRIYA/P2P RECEIVE,UPI797471540011,-,"21,916.11","6,746,308.53"
10/07/2025,12/07/2025,UPI DR/UPI928586572093/AIRTEL/MERCHANT PAYMENT,DR565740820371,"11,779.66",-,"6,734,528.87"
11/07/2025,12/07/2025,CASH DEP/CSH933621905499/BRANCH DEPOSIT,CASH609339341116,-,"29,549.57","6,764,078.44"
13/07/2025,13/07/2025,UPI DR/P2P335746911347/SNEHA/P2P TRANSFER,UPI791564312657,"5,687.98",-,"6,758,390.46"
14/07/2025,14/07/2025,UPI DR/BIZ111367465772/CITY LOGISTICS/SUPPLIER PAYMENT,DR486477272955,"74,080.09",-,"6,684,310.37"
15/07/2025,17/07/2025,NEFT CR/CLT276192536072/ALPHA TRADERS/BULK RECEIPT,CR683748553014,-,"154,841.23","6,839,151.60"
17/07/2025,18/07/2025,NEFT CR/CLT116914766229/ORBIT RETAIL/BULK RECEIPT,CR380246177885,-,"57,412.89","6,896,564.49"
18/07/2025,18/07/2025,RTGS CR/CLT670384779910/NEXA INFRA/INVOICE SETTLEMENT,RTGS272161743922,-,"85,399.32","6,981,963.81"
18/07/2025,20/07/2025,CASH DEP/CSH473880847116/BRANCH DEPOSIT,CASH241572647615,-,"13,886.51","6,995,850.32"
19/07/2025,20/07/2025,NEFT CR/CLT160606124992/NEXA INFRA/BULK RECEIPT,CR937145297926,-,"229,710.32","7,225,560.64"
21/07/2025,22/07/2025,NEFT DR/GST903173932115/GST PAYMENT/CBIC,TAX143425148572,"92,957.00",-,"7,132,603.64"
22/07/2025,23/07/2025,UPI DR/BIZ250827349544/WAREHOUSE RENT/SUPPLIER PAYMENT,DR250308015041,"61,120.96",-,"7,071,482.68"
22/07/2025,24/07/2025,CASH DEP/CSH724777579518/BRANCH DEPOSIT,CASH862131956842,-,"12,090.77","7,083,573.45"
22/07/2025,24/07/2025,UPI DR/UPI891349638037/AIRTEL/MERCHANT PAYMENT,DR428072307660,"8,562.68",-,"7,075,010.77"
24/07/2025,25/07/2025,NEFT DR/VEN924060518520/RAWMAT SUPPLY/VENDOR PAYMENT,NEFT800696969992,"173,159.99",-,"6,901,850.78"
24/07/2025,26/07/2025,CASH DEP/CSH261246843877/BRANCH DEPOSIT,CASH115027718865,-,"31,009.27","6,932,860.05"
25/07/2025,25/07/2025,RTGS CR/CLT974575135503/NEXA INFRA/INVOICE SETTLEMENT,RTGS310211708690,-,"205,578.07","7,138,438.12"
25/07/2025,27/07/2025,NEFT CR/CLT302895665554/ALPHA TRADERS/BULK RECEIPT,CR911133966437,-,"182,029.44","7,320,467.56"
26/07/2025,26/07/2025,NEFT CR/CLT422776644539/NEXA INFRA/BULK RECEIPT,CR206916387180,-,"266,724.28","7,587,191.84"
28/07/2025,30/07/2025,RTGS CR/CLT113484273069/ALPHA TRADERS/INVOICE SETTLEMENT,RTGS516424144058,-,"157,087.90","7,744,279.74"
29/07/2025,29/07/2025,NEFT DR/VEN330699661638/CITY LOGISTICS/VENDOR PAYMENT,NEFT132540665047,"118,433.43",-,"7,625,846.31"
29/07/2025,31/07/2025,RTGS CR/CLT555219687164/ALPHA TRADERS/INVOICE SETTLEMENT,RTGS751657433791,-,"209,964.41","7,835,810.72"
31/07/2025,02/08/2025,NEFT CR/CLT509005057639/URBAN FOODS/BULK RECEIPT,CR484329439247,-,"171,133.98","8,006,944.70"
31/07/2025,31/07/2025,RTGS CR/CLT999548711315/ORBIT RETAIL/INVOICE SETTLEMENT,RTGS969462571286,-,"180,169.01","8,187,113.71"
02/08/2025,03/08/2025,UPI DR/UPI167867156627/BIGBASKET/MERCHANT PAYMENT,DR500904339757,"1,290.05",-,"8,185,823.66"
02/08/2025,04/08/2025,RTGS CR/CLT789152236079/ALPHA TRADERS/INVOICE SETTLEMENT,RTGS852006466724,-,"195,046.08","8,380,869.74"
04/08/2025,05/08/2025,UPI DR/P2P296277271391/ANJALI/P2P TRANSFER,UPI529912264762,"15,513.34",-,"8,365,356.40"
05/08/2025,06/08/2025,NEFT DR/VEN395532834019/RAWMAT SUPPLY/VENDOR PAYMENT,NEFT801009279528,"48,785.86",-,"8,316,570.54"
05/08/2025,07/08/2025,NEFT DR/VEN727521420315/WAREHOUSE RENT/VENDOR PAYMENT,NEFT961645437152,"61,304.87",-,"8,255,265.67"
07/08/2025,09/08/2025,UPI DR/P2P784214399731/VIKAS/P2P TRANSFER,UPI298250457697,"1,423.58",-,"8,253,842.09"
08/08/2025,10/08/2025,NEFT CR/CLT330676338919/ORBIT RETAIL/BULK RECEIPT,CR669839329746,-,"35,192.24","8,289,034.33"
09/08/2025,09/08/2025,UPI CR/P2P780079710895/NEHA/P2P RECEIVE,UPI585528145560,-,"15,042.28","8,304,076.61"
11/08/2025,11/08/2025,UPI DR/UPI756344084737/AMAZON/MERCHANT PAYMENT,DR771763278151,942.91,-,"8,303,133.70"
15/08/2025,16/08/2025,UPI DR/BIZ685574351353/WAREHOUSE RENT/SUPPLIER PAYMENT,DR655372311139,"78,252.84",-,"8,224,880.86"
15/08/2025,17/08/2025,UPI CR/P2P837649799054/ROHAN/P2P RECEIVE,UPI654344084378,-,"34,033.34","8,258,914.20"
17/08/2025,18/08/2025,NEFT DR/VEN211970050391/RAWMAT SUPPLY/VENDOR PAYMENT,NEFT393362127304,"90,489.23",-,"8,168,424.97"
18/08/2025,20/08/2025,CHRG DR/FEE131341618844/BANK CHARGE,CHG568519086676,362.38,-,"8,168,062.59"
18/08/2025,20/08/2025,UPI DR/BIZ844378495887/CITY LOGISTICS/SUPPLIER PAYMENT,DR957041103451,"86,102.19",-,"8,081,960.40"
18/08/2025,20/08/2025,NEFT DR/VEN970769553206/WAREHOUSE RENT/VENDOR PAYMENT,NEFT684381832028,"144,661.46",-,"7,937,298.94"
19/08/2025,19/08/2025,NEFT DR/VEN844993070968/RAWMAT SUPPLY/VENDOR PAYMENT,NEFT488939489515,"143,821.86",-,"7,793,477.08"
20/08/2025,22/08/2025,RTGS CR/CLT853513260787/ORBIT RETAIL/INVOICE SETTLEMENT,RTGS433119901271,-,"39,440.17","7,832,917.25"
22/08/2025,22/08/2025,NEFT DR/VEN592714919114/CITY LOGISTICS/VENDOR PAYMENT,NEFT120245979091,"167,385.32",-,"7,665,531.93"
22/08/2025,22/08/2025,NEFT DR/VEN691698323463/RAWMAT SUPPLY/VENDOR PAYMENT,NEFT590419979686,"62,372.67",-,"7,603,159.26"
23/08/2025,25/08/2025,RTGS CR/CLT873594959718/NEXA INFRA/INVOICE SETTLEMENT,RTGS332667811069,-,"184,328.14","7,787,487.40"
24/08/2025,25/08/2025,NEFT DR/GST952013129945/GST PAYMENT/CBIC,TAX248307077440,"104,976.22",-,"7,682,511.18"
25/08/2025,26/08/2025,RTGS CR/CLT922005660423/URBAN FOODS/INVOICE SETTLEMENT,RTGS644649217013,-,"132,331.56","7,814,842.74"
26/08/2025,27/08/2025,NEFT CR/CLT845269998398/ALPHA TRADERS/BULK RECEIPT,CR753796371363,-,"239,163.13","8,054,005.87"
26/08/2025,28/08/2025,NEFT DR/VEN483880696803/CITY LOGISTICS/VENDOR PAYMENT,NEFT656246727541,"178,501.69",-,"7,875,504.18"
26/08/2025,28/08/2025,RTGS CR/CLT687141032797/SKYLOGIC LLP/INVOICE SETTLEMENT,RTGS495652339814,-,"91,593.94","7,967,098.12"
27/08/2025,27/08/2025,UPI DR/BIZ990939359499/CITY LOGISTICS/SUPPLIER PAYMENT,DR539011166332,"67,549.27",-,"7,899,548.85"
28/08/2025,30/08/2025,UPI DR/P2P403749937564/KARAN/P2P TRANSFER,UPI157947313212,"23,765.34",-,"7,875,783.51"
02/09/2025,02/09/2025,NEFT DR/VEN554043324168/RAWMAT SUPPLY/VENDOR PAYMENT,NEFT292417538223,"110,207.50",-,"7,765,576.01"
03/09/2025,03/09/2025,NEFT CR/CLT937034539902/ALPHA TRADERS/BULK RECEIPT,CR160960712308,-,"122,866.28","7,888,442.29"
04/09/2025,06/09/2025,NEFT CR/CLT690603628061/URBAN FOODS/BULK RECEIPT,CR203913869197,-,"192,078.01","8,080,520.30"
04/09/2025,06/09/2025,NEFT DR/VEN477550290716/RAWMAT SUPPLY/VENDOR PAYMENT,NEFT378952058884,"84,900.48",-,"7,995,619.82"
05/09/2025,06/09/2025,CASH DEP/CSH962152403245/BRANCH DEPOSIT,CASH484674265763,-,"39,768.01","8,035,387.83"
06/09/2025,07/09/2025,RTGS CR/CLT383985826911/ORBIT RETAIL/INVOICE SETTLEMENT,RTGS676341351825,-,"175,936.14","8,211,323.97"
08/09/2025,10/09/2025,NEFT CR/CLT829316880201/NEXA INFRA/BULK RECEIPT,CR740621102552,-,"257,353.93","8,468,677.90"
10/09/2025,11/09/2025,RTGS CR/CLT644479035107/ALPHA TRADERS/INVOICE SETTLEMENT,RTGS268128003776,-,"122,658.79","8,591,336.69"
12/09/2025,12/09/2025,RTGS CR/CLT763519780312/SKYLOGIC LLP/INVOICE SETTLEMENT,RTGS879823554847,-,"181,133.98","8,772,470.67"
14/09/2025,16/09/2025,NEFT DR/VEN653761576662/WAREHOUSE RENT/VENDOR PAYMENT,NEFT545064224261,"123,711.99",-,"8,648,758.68"
15/09/2025,15/09/2025,NEFT DR/VEN812227460090/PACKAGING HUB/VENDOR PAYMENT,NEFT848900558191,"117,544.34",-,"8,531,214.34"
15/09/2025,17/09/2025,UPI DR/UPI306132831711/UBER/MERCHANT PAYMENT,DR439702254252,"11,785.02",-,"8,519,429.32"
16/09/2025,16/09/2025,UPI DR/UPI307032624293/DMART/MERCHANT PAYMENT,DR344188930937,"5,991.14",-,"8,513,438.18"
16/09/2025,17/09/2025,UPI CR/P2P338339398810/ROHAN/P2P RECEIVE,UPI434942013871,-,"21,905.53","8,535,343.71"
17/09/2025,19/09/2025,NEFT CR/CLT922333631496/NEXA INFRA/BULK RECEIPT,CR408471121790,-,"118,799.31","8,654,143.02"
20/09/2025,21/09/2025,NEFT DR/VEN786630981992/CITY LOGISTICS/VENDOR PAYMENT,NEFT756477960487,"110,564.53",-,"8,543,578.49"
20/09/2025,22/09/2025,NEFT DR/VEN749756480809/RAWMAT SUPPLY/VENDOR PAYMENT,NEFT400380822064,"56,463.54",-,"8,487,114.95"
21/09/2025,23/09/2025,UPI CR/P2P620758126179/KARAN/P2P RECEIVE,UPI316043052965,-,"29,149.31","8,516,264.26"
22/09/2025,23/09/2025,NEFT DR/VEN452503386310/PRINT HOUSE/VENDOR PAYMENT,NEFT793534503262,"12,925.79",-,"8,503,338.47"
23/09/2025,23/09/2025,UPI CR/P2P913358110047/RAHUL/P2P RECEIVE,UPI986724403779,-,"31,409.39","8,534,747.86"
23/09/2025,25/09/2025,CHRG DR/FEE654596849934/BANK CHARGE,CHG150334038036,212.94,-,"8,534,534.92"
24/09/2025,26/09/2025,CASH DEP/CSH314133506120/BRANCH DEPOSIT,CASH400829872275,-,"2,232.33","8,536,767.25"
25/09/2025,26/09/2025,NEFT DR/GST159455081451/GST PAYMENT/CBIC,TAX376564471910,"69,941.05",-,"8,466,826.20"
27/09/2025,27/09/2025,NEFT DR/VEN965525311339/PRINT HOUSE/VENDOR PAYMENT,NEFT725303728799,"64,527.06",-,"8,402,299.14"
28/09/2025,28/09/2025,NEFT CR/CLT832188905932/NEXA INFRA/BULK RECEIPT,CR280555710568,-,"140,092.49","8,542,391.63"
28/09/2025,28/09/2025,RTGS CR/CLT430613802784/SKYLOGIC LLP/INVOICE SETTLEMENT,RTGS133921069998,-,"246,393.73","8,788,785.36"
29/09/2025,01/10/2025,NEFT CR/CLT571991048606/NEXA INFRA/BULK RECEIPT,CR150050383977,-,"216,270.55","9,005,055.91"
29/09/2025,29/09/2025,UPI CR/P2P397041031611/RAHUL/P2P RECEIVE,UPI181001107843,-,"19,073.92","9,024,129.83"
01/10/2025,01/10/2025,RTGS CR/CLT324985984982/NEXA INFRA/INVOICE SETTLEMENT,RTGS611113893439,-,"86,621.33","9,110,751.16"
02/10/2025,03/10/2025,RTGS CR/CLT827166779517/ORBIT RETAIL/INVOICE SETTLEMENT,RTGS685239823203,-,"82,179.76","9,192,930.92"
04/10/2025,04/10/2025,UPI DR/UPI986005349177/BOOKMYSHOW/MERCHANT PAYMENT,DR285657565097,"10,981.09",-,"9,181,949.83"
04/10/2025,06/10/2025,RTGS CR/CLT321878141452/URBAN FOODS/INVOICE SETTLEMENT,RTGS788041847260,-,"175,402.45","9,357,352.28"
05/10/2025,07/10/2025,RTGS CR/CLT587504356629/ORBIT RETAIL/INVOICE SETTLEMENT,RTGS161945940037,-,"210,715.47","9,568,067.75"
07/10/2025,07/10/2025,UPI DR/UPI731163317856/UBER/MERCHANT PAYMENT,DR944694881942,723.84,-,"9,567,343.91"
07/10/2025,07/10/2025,NEFT DR/VEN396348663104/PRINT HOUSE/VENDOR PAYMENT,NEFT287393500142,"130,720.97",-,"9,436,622.94"
07/10/2025,09/10/2025,UPI DR/UPI324671745762/DMART/MERCHANT PAYMENT,DR685024829360,"8,254.96",-,"9,428,367.98"
07/10/2025,09/10/2025,NEFT DR/VEN285156542648/PACKAGING HUB/VENDOR PAYMENT,NEFT688543994116,"15,268.22",-,"9,413,099.76"
09/10/2025,10/10/2025,UPI DR/P2P963346724063/PRIYA/P2P TRANSFER,UPI974376648644,"15,923.53",-,"9,397,176.23"
09/10/2025,11/10/2025,CHRG DR/FEE154895791397/BANK CHARGE,CHG824440587304,242.65,-,"9,396,933.58"
10/10/2025,10/10/2025,NEFT CR/CLT346411214329/ORBIT RETAIL/BULK RECEIPT,CR294643976681,-,"195,620.68","9,592,554.26"
13/10/2025,13/10/2025,NEFT CR/CLT353289342393/ALPHA TRADERS/BULK RECEIPT,CR804360429105,-,"103,742.18","9,696,296.44"
14/10/2025,14/10/2025,UPI DR/P2P814309467232/RAHUL/P2P TRANSFER,UPI610030563276,"12,321.56",-,"9,683,974.88"
14/10/2025,15/10/2025,NEFT CR/CLT487417636488/URBAN FOODS/BULK RECEIPT,CR528109987347,-,"222,037.33","9,906,012.21"
14/10/2025,16/10/2025,RTGS CR/CLT538000935972/URBAN FOODS/INVOICE SETTLEMENT,RTGS254825574618,-,"217,873.25","10,123,885.46"
16/10/2025,16/10/2025,NEFT DR/VEN293404701987/RAWMAT SUPPLY/VENDOR PAYMENT,NEFT498304706978,"123,711.22",-,"10,000,174.24"
18/10/2025,18/10/2025,RTGS CR/CLT594160429468/URBAN FOODS/INVOICE SETTLEMENT,RTGS529289072678,-,"188,985.91","10,189,160.15"
18/10/2025,19/10/2025,UPI DR/BIZ716753403541/CITY LOGISTICS/SUPPLIER PAYMENT,DR536613950336,"54,775.23",-,"10,134,384.92"
21/10/2025,22/10/2025,NEFT DR/GST286417616255/GST PAYMENT/CBIC,TAX465467969585,"76,458.67",-,"10,057,926.25"
23/10/2025,24/10/2025,UPI DR/UPI210892346448/AMAZON/MERCHANT PAYMENT,DR892545230908,"9,736.41",-,"10,048,189.84"
24/10/2025,24/10/2025,NEFT DR/VEN144872991416/CITY LOGISTICS/VENDOR PAYMENT,NEFT554946600480,"152,231.36",-,"9,895,958.48"
25/10/2025,25/10/2025,NEFT CR/CLT944136902105/SKYLOGIC LLP/BULK RECEIPT,CR584154944270,-,"67,178.73","9,963,137.21"
26/10/2025,27/10/2025,NEFT CR/CLT794776771100/ALPHA TRADERS/BULK RECEIPT,CR688136229171,-,"33,097.57","9,996,234.78"
27/10/2025,29/10/2025,UPI CR/P2P782177668961/PRIYA/P2P RECEIVE,UPI779985301481,-,"25,989.41","10,022,224.19"
29/10/2025,31/10/2025,CASH DEP/CSH453805123292/BRANCH DEPOSIT,CASH898056335901,-,"8,412.91","10,030,637.10"
30/10/2025,30/10/2025,NEFT CR/CLT778049368927/URBAN FOODS/BULK RECEIPT,CR767353608753,-,"119,954.51","10,150,591.61"
30/10/2025,31/10/2025,NEFT CR/CLT285873175440/ORBIT RETAIL/BULK RECEIPT,CR405824729886,-,"279,204.11","10,429,795.72"
31/10/2025,01/11/2025,CASH DEP/CSH592828825005/BRANCH DEPOSIT,CASH908889141807,-,"21,571.36","10,451,367.08"
01/11/2025,01/11/2025,NEFT CR/CLT593486538150/SKYLOGIC LLP/BULK RECEIPT,CR121114063088,-,"168,354.00","10,619,721.08"
03/11/2025,03/11/2025,UPI CR/P2P413919568295/SNEHA/P2P RECEIVE,UPI720580122323,-,"26,566.26","10,646,287.34"
03/11/2025,04/11/2025,NEFT CR/CLT541198896819/NEXA INFRA/BULK RECEIPT,CR237026080828,-,"52,009.86","10,698,297.20"
04/11/2025,04/11/2025,UPI DR/UPI435723633355/SWIGGY/MERCHANT PAYMENT,DR392085579421,"9,362.12",-,"10,688,935.08"
04/11/2025,05/11/2025,NEFT CR/CLT794528589301/NEXA INFRA/BULK RECEIPT,CR889348993913,-,"265,055.94","10,953,991.02"
04/11/2025,05/11/2025,NEFT DR/VEN683272534369/WAREHOUSE RENT/VENDOR PAYMENT,NEFT537423790640,"93,094.60",-,"10,860,896.42"
04/11/2025,06/11/2025,NEFT DR/VEN642828940491/WAREHOUSE RENT/VENDOR PAYMENT,NEFT570485268316,"87,843.63",-,"10,773,052.79"
05/11/2025,05/11/2025,UPI DR/UPI501435528931/SWIGGY/MERCHANT PAYMENT,DR192704799839,"11,880.21",-,"10,761,172.58"
05/11/2025,05/11/2025,NEFT DR/VEN807364342711/PACKAGING HUB/VENDOR PAYMENT,NEFT441606454086,"10,130.32",-,"10,751,042.26"
05/11/2025,06/11/2025,UPI DR/P2P342030149479/KARAN/P2P TRANSFER,UPI806955076497,"1,830.93",-,"10,749,211.33"
06/11/2025,06/11/2025,CHRG DR/FEE500674533314/BANK CHARGE,CHG284199091045,253.21,-,"10,748,958.12"
06/11/2025,07/11/2025,UPI DR/P2P576826717517/AMAN/P2P TRANSFER,UPI674775305538,"13,788.55",-,"10,735,169.57"
07/11/2025,07/11/2025,NEFT CR/CLT165672038953/URBAN FOODS/BULK RECEIPT,CR853881084145,-,"168,562.55","10,903,732.12"
07/11/2025,09/11/2025,RTGS CR/CLT249135301133/URBAN FOODS/INVOICE SETTLEMENT,RTGS551051270603,-,"68,638.83","10,972,370.95"
09/11/2025,10/11/2025,NEFT CR/CLT741922871076/SKYLOGIC LLP/BULK RECEIPT,CR946908736641,-,"256,416.34","11,228,787.29"
09/11/2025,10/11/2025,NEFT DR/VEN166781964519/CITY LOGISTICS/VENDOR PAYMENT,NEFT165978618179,"152,734.90",-,"11,076,052.39"
09/11/2025,11/11/2025,NEFT CR/CLT216363396470/SKYLOGIC LLP/BULK RECEIPT,CR361879708768,-,"160,640.57","11,236,692.96"
09/11/2025,11/11/2025,UPI DR/BIZ690449316147/CITY LOGISTICS/SUPPLIER PAYMENT,DR479435216425,"39,789.40",-,"11,196,903.56"
09/11/2025,11/11/2025,NEFT DR/VEN807152150954/CITY LOGISTICS/VENDOR PAYMENT,NEFT609451551255,"18,909.43",-,"11,177,994.13"
10/11/2025,10/11/2025,RTGS CR/CLT307583902192/ALPHA TRADERS/INVOICE SETTLEMENT,RTGS721208235007,-,"147,020.82","11,325,014.95"
10/11/2025,12/11/2025,UPI DR/UPI593885581935/JIO/MERCHANT PAYMENT,DR619559043704,"4,707.49",-,"11,320,307.46"
12/11/2025,13/11/2025,UPI CR/P2P408181820905/NEHA/P2P RECEIVE,UPI791618161966,-,"20,504.57","11,340,812.03"
13/11/2025,13/11/2025,NEFT CR/CLT554027608111/SKYLOGIC LLP/BULK RECEIPT,CR543089537817,-,"209,666.97","11,550,479.00"
13/11/2025,13/11/2025,NEFT DR/VEN410516312611/CITY LOGISTICS/VENDOR PAYMENT,NEFT740663133520,"170,550.87",-,"11,379,928.13"
13/11/2025,14/11/2025,NEFT CR/CLT150431335000/SKYLOGIC LLP/BULK RECEIPT,CR754239772955,-,"202,543.67","11,582,471.80"
13/11/2025,14/11/2025,UPI DR/BIZ184811633653/CITY LOGISTICS/SUPPLIER PAYMENT,DR987301679352,"16,423.91",-,"11,566,047.89"
14/11/2025,14/11/2025,NEFT CR/CLT204867216292/URBAN FOODS/BULK RECEIPT,CR781786966084,-,"149,066.85","11,715,114.74"
14/11/2025,14/11/2025,UPI DR/P2P347545155934/VIKAS/P2P TRANSFER,UPI891657784550,"9,158.99",-,"11,705,955.75"
14/11/2025,16/11/2025,UPI DR/BIZ102624281654/PACKAGING HUB/SUPPLIER PAYMENT,DR317077655448,"46,959.35",-,"11,658,996.40"
15/11/2025,17/11/2025,UPI DR/BIZ570099138536/PRINT HOUSE/SUPPLIER PAYMENT,DR843304514630,"20,202.63",-,"11,638,793.77"
17/11/2025,17/11/2025,UPI DR/BIZ470429781068/CITY LOGISTICS/SUPPLIER PAYMENT,DR311908842696,"82,247.67",-,"11,556,546.10"
17/11/2025,19/11/2025,NEFT CR/CLT736310799693/NEXA INFRA/BULK RECEIPT,CR133980164074,-,"245,733.38","11,802,279.48"
17/11/2025,19/11/2025,NEFT DR/VEN804562653408/WAREHOUSE RENT/VENDOR PAYMENT,NEFT337961437486,"58,654.47",-,"11,743,625.01"
19/11/2025,19/11/2025,NEFT CR/CLT253239654219/URBAN FOODS/BULK RECEIPT,CR405133872515,-,"33,236.50","11,776,861.51"
19/11/2025,20/11/2025,NEFT DR/VEN216255207658/WAREHOUSE RENT/VENDOR PAYMENT,NEFT549103562355,"89,806.07",-,"11,687,055.44"
20/11/2025,20/11/2025,UPI CR/P2P775331998339/NEHA/P2P RECEIVE,UPI984396064846,-,"34,123.29","11,721,178.73"
21/11/2025,21/11/2025,RTGS CR/CLT320360259383/ALPHA TRADERS/INVOICE SETTLEMENT,RTGS551023272445,-,"77,804.76","11,798,983.49"
22/11/2025,22/11/2025,NEFT CR/CLT991576652919/SKYLOGIC LLP/BULK RECEIPT,CR400350481885,-,"276,595.38","12,075,578.87"
23/11/2025,24/11/2025,NEFT DR/GST767407814593/GST PAYMENT/CBIC,TAX757914952321,"119,903.02",-,"11,955,675.85"
27/11/2025,27/11/2025,RTGS CR/CLT851667142827/ALPHA TRADERS/INVOICE SETTLEMENT,RTGS110586337226,-,"144,256.37","12,099,932.22"
28/11/2025,28/11/2025,UPI DR/UPI588169388779/ZOMATO/MERCHANT PAYMENT,DR286111781415,"1,580.11",-,"12,098,352.11"
30/11/2025,01/12/2025,NEFT CR/CLT312405548314/SKYLOGIC LLP/BULK RECEIPT,CR831589320734,-,"76,102.08","12,174,454.19"
01/12/2025,01/12/2025,UPI DR/BIZ534509993341/WAREHOUSE RENT/SUPPLIER PAYMENT,DR105625780202,"57,805.17",-,"12,116,649.02"
01/12/2025,03/12/2025,NEFT CR/CLT724277441805/SKYLOGIC LLP/BULK RECEIPT,CR912365858844,-,"127,734.87","12,244,383.89"
03/12/2025,03/12/2025,NEFT DR/VEN951147618309/WAREHOUSE RENT/VENDOR PAYMENT,NEFT358930417837,"37,004.67",-,"12,207,379.22"
03/12/2025,05/12/2025,UPI DR/UPI999461805905/BOOKMYSHOW/MERCHANT PAYMENT,DR410712430385,"3,720.07",-,"12,203,659.15"
06/12/2025,07/12/2025,NEFT CR/CLT282415168920/ORBIT RETAIL/BULK RECEIPT,CR492983053735,-,"242,939.55","12,446,598.70"
06/12/2025,07/12/2025,NEFT DR/VEN269274845966/RAWMAT SUPPLY/VENDOR PAYMENT,NEFT909069770438,"81,904.56",-,"12,364,694.14"
06/12/2025,08/12/2025,UPI DR/P2P847547473578/RAHUL/P2P TRANSFER,UPI542841093448,"11,010.38",-,"12,353,683.76"
07/12/2025,08/12/2025,NEFT CR/CLT498420080680/SKYLOGIC LLP/BULK RECEIPT,CR868218342021,-,"209,732.05","12,563,415.81"
10/12/2025,10/12/2025,NEFT DR/VEN529442614964/PACKAGING HUB/VENDOR PAYMENT,NEFT633103653798,"42,684.11",-,"12,520,731.70"
11/12/2025,11/12/2025,NEFT CR/CLT307291316305/URBAN FOODS/BULK RECEIPT,CR715083161745,-,"59,928.55","12,580,660.25"
11/12/2025,13/12/2025,UPI DR/UPI565057565041/AMAZON/MERCHANT PAYMENT,DR449884168099,"6,155.45",-,"12,574,504.80"
12/12/2025,13/12/2025,UPI DR/UPI417380673248/JIO/MERCHANT PAYMENT,DR294856360757,"4,774.35",-,"12,569,730.45"
12/12/2025,13/12/2025,NEFT DR/VEN510930890047/WAREHOUSE RENT/VENDOR PAYMENT,NEFT212215534224,"148,062.37",-,"12,421,668.08"
13/12/2025,13/12/2025,NEFT DR/VEN696287496836/RAWMAT SUPPLY/VENDOR PAYMENT,NEFT911558901683,"146,135.67",-,"12,275,532.41"
15/12/2025,15/12/2025,NEFT DR/VEN440371527675/WAREHOUSE RENT/VENDOR PAYMENT,NEFT789414440536,"32,837.05",-,"12,242,695.36"
15/12/2025,16/12/2025,NEFT DR/VEN703916716959/CITY LOGISTICS/VENDOR PAYMENT,NEFT774721714152,"119,412.48",-,"12,123,282.88"
15/12/2025,17/12/2025,NEFT CR/CLT301434703657/NEXA INFRA/BULK RECEIPT,CR433766081807,-,"50,845.58","12,174,128.46"
16/12/2025,16/12/2025,UPI DR/UPI677201760968/DMART/MERCHANT PAYMENT,DR254871350352,"4,430.05",-,"12,169,698.41"
18/12/2025,18/12/2025,RTGS CR/CLT461460848035/SKYLOGIC LLP/INVOICE SETTLEMENT,RTGS273540215307,-,"231,364.94","12,401,063.35"
19/12/2025,19/12/2025,NEFT DR/VEN753404402502/PRINT HOUSE/VENDOR PAYMENT,NEFT869704703254,"50,649.44",-,"12,350,413.91"
20/12/2025,20/12/2025,NEFT CR/CLT448908481673/NEXA INFRA/BULK RECEIPT,CR472274156845,-,"250,509.86","12,600,923.77"
20/12/2025,22/12/2025,NEFT CR/CLT945627478885/ORBIT RETAIL/BULK RECEIPT,CR860193612893,-,"193,899.61","12,794,823.38"
21/12/2025,22/12/2025,NEFT DR/GST987714120237/GST PAYMENT/CBIC,TAX998267191003,"95,526.02",-,"12,699,297.36"
21/12/2025,23/12/2025,UPI DR/BIZ108937321639/CITY LOGISTICS/SUPPLIER PAYMENT,DR848615595602,"12,743.84",-,"12,686,553.52"
21/12/2025,23/12/2025,RTGS CR/CLT834975304957/ALPHA TRADERS/INVOICE SETTLEMENT,RTGS260431107058,-,"117,530.07","12,804,083.59"
22/12/2025,22/12/2025,UPI DR/UPI886585463388/UBER/MERCHANT PAYMENT,DR856274680887,"9,369.25",-,"12,794,714.34"
22/12/2025,23/12/2025,NEFT DR/VEN902755273326/PACKAGING HUB/VENDOR PAYMENT,NEFT981593762311,"15,261.10",-,"12,779,453.24"
22/12/2025,24/12/2025,NEFT DR/VEN365332584276/RAWMAT SUPPLY/VENDOR PAYMENT,NEFT861424435730,"161,297.50",-,"12,618,155.74"
23/12/2025,23/12/2025,RTGS CR/CLT218774439494/SKYLOGIC LLP/INVOICE SETTLEMENT,RTGS514720210622,-,"122,817.33","12,740,973.07"
23/12/2025,23/12/2025,UPI CR/P2P666811557738/ANJALI/P2P RECEIVE,UPI762813472092,-,"21,111.81","12,762,084.88"
23/12/2025,24/12/2025,UPI DR/UPI677124694735/AIRTEL/MERCHANT PAYMENT,DR406071795063,"3,633.76",-,"12,758,451.12"
24/12/2025,25/12/2025,NEFT CR/CLT104143225446/ALPHA TRADERS/BULK RECEIPT,CR288491733034,-,"207,676.56","12,966,127.68"
24/12/2025,25/12/2025,NEFT DR/VEN224443123316/RAWMAT SUPPLY/VENDOR PAYMENT,NEFT821873607281,"12,889.07",-,"12,953,238.61"
24/12/2025,26/12/2025,NEFT DR/VEN555385654194/PACKAGING HUB/VENDOR PAYMENT,NEFT734962904922,"57,566.00",-,"12,895,672.61"
25/12/2025,25/12/2025,NEFT DR/VEN537469327301/RAWMAT SUPPLY/VENDOR PAYMENT,NEFT787110972541,"24,381.55",-,"12,871,291.06"
26/12/2025,26/12/2025,NEFT CR/CLT764653681094/NEXA INFRA/BULK RECEIPT,CR267022198676,-,"194,746.62","13,066,037.68"
27/12/2025,28/12/2025,UPI DR/UPI735881189189/DMART/MERCHANT PAYMENT,DR948477655792,"6,794.06",-,"13,059,243.62"
27/12/2025,29/12/2025,NEFT DR/VEN586776567781/PACKAGING HUB/VENDOR PAYMENT,NEFT192014754049,"117,918.19",-,"12,941,325.43"
28/12/2025,30/12/2025,NEFT DR/VEN636933833570/PACKAGING HUB/VENDOR PAYMENT,NEFT835025619122,"142,163.77",-,"12,799,161.66"
29/12/2025,29/12/2025,CASH DEP/CSH543832507468/BRANCH DEPOSIT,CASH545327605820,-,"30,168.08","12,829,329.74"
29/12/2025,29/12/2025,NEFT CR/CLT694026880104/ALPHA TRADERS/BULK RECEIPT,CR332827556503,-,"54,466.16","12,883,795.90"
29/12/2025,31/12/2025,NEFT CR/CLT777524609731/ORBIT RETAIL/BULK RECEIPT,CR807995509219,-,"75,772.87","12,959,568.77"
29/12/2025,31/12/2025,UPI CR/P2P656061940605/SNEHA/P2P RECEIVE,UPI982631537042,-,"11,268.28","12,970,837.05"
31/12/2025,01/01/2026,UPI DR/P2P485196589049/AMAN/P2P TRANSFER,UPI370626407084,"14,839.93",-,"12,955,997.12"
31/12/2025,31/12/2025,NEFT CR/CLT311705953215/SKYLOGIC LLP/BULK RECEIPT,CR222047025701,-,"63,727.70","13,019,724.82"
